f,band,gate,slope,slope_over_k_2,slope_over_k_4,slope_over_k_6,slope_over_k_8,slope_over_klev_2,slope_over_klev_4,slope_over_klev_6,slope_over_klev_8,slope_15,slope_over_klev_15,slope_19,slope_over_klev_19,slope_26,slope_over_klev_26,highway_untouched,z0_2_8,zbk_2_8,dz_2_8,ex_2_8,reach_acc_2_8,reach_lvl_2_8,dt_2_8,dt_p90_2_8,tr_2_8,nohit_2_8,dz_8_15,ex_8_15,reach_acc_8_15,dt_8_15,dt_p90_8_15
0.045,1.5,flat,0.03,14.28571,10.71429,6.81818,5.76923,12.42236,9.31677,5.92885,5.01672,0.03,2.42915,0.03,1.8673,0.03,1.38671,False,-0.01146,0.045,0.04891,0.03,1.48208,1.36364,0.3,0.728,1.23812,0.01379,0.03864,0.03,1.48602,0.21,0.55
0.04,1.5,flat,0.02667,12.69841,9.52381,6.06061,5.12821,11.0421,8.28157,5.27009,4.45931,0.02667,2.15924,0.02667,1.65982,0.02667,1.23263,False,-0.01019,0.04,0.04347,0.02538,1.31741,1.21212,0.29,0.682,1.21563,0.01379,0.03434,0.025,1.32091,0.2,0.525
0.045,1.0,flat,0.045,21.42857,16.07143,10.22727,8.65385,18.63354,13.97516,8.89328,7.52508,0.045,3.64372,0.045,2.80095,0.045,2.08006,False,-0.00069,0.045,0.04326,0.03427,1.31095,1.36364,0.32,0.81,1.55961,0.02069,0.04906,0.03581,1.887,0.31,0.68
0.036,1.5,flat,0.024,11.42857,8.57143,5.45455,4.61538,9.93789,7.45342,4.74308,4.01338,0.024,1.94332,0.024,1.49384,0.024,1.10936,False,-0.00917,0.036,0.03913,0.02138,1.18567,1.09091,0.24,0.676,1.1381,0.02069,0.03091,0.021,1.18882,0.18,0.51
0.045,2.0,flat,0.0225,10.71429,8.03571,5.11364,4.32692,9.31677,6.98758,4.44664,3.76254,0.0225,1.82186,0.0225,1.40047,0.0225,1.04003,False,-0.01418,0.04474,0.0389,0.03,1.17891,1.35582,0.26,0.666,0.97047,0.01379,0.03066,0.01925,1.1794,0.13,0.515
0.04,1.0,flat,0.04,19.04762,14.28571,9.09091,7.69231,16.56315,12.42236,7.90514,6.68896,0.04,3.23887,0.04,2.48973,0.04,1.84894,False,-0.00061,0.04,0.03845,0.02936,1.16529,1.21212,0.3,0.79,1.49782,0.02069,0.04361,0.03116,1.67733,0.28,0.66
0.033,1.5,flat,0.022,10.47619,7.85714,5.0,4.23077,9.10973,6.8323,4.34783,3.67893,0.022,1.78138,0.022,1.36935,0.022,1.01692,False,-0.0084,0.033,0.03587,0.01841,1.08686,1.0,0.21,0.666,1.11392,0.02069,0.02833,0.018,1.08975,0.17,0.51
0.036,1.0,flat,0.036,17.14286,12.85714,8.18182,6.92308,14.90683,11.18012,7.11462,6.02007,0.036,2.91498,0.036,2.24076,0.036,1.66405,False,-0.00055,0.036,0.03461,0.02536,1.04876,1.09091,0.27,0.782,1.42657,0.02069,0.03925,0.02766,1.5096,0.27,0.61
0.04,2.0,flat,0.02,9.52381,7.14286,4.54545,3.84615,8.28157,6.21118,3.95257,3.34448,0.02,1.61943,0.02,1.24486,0.02,0.92447,False,-0.01261,0.03977,0.03458,0.025,1.04792,1.20518,0.22,0.634,0.93295,0.01379,0.02726,0.01661,1.04836,0.12,0.485
0.03,1.5,flat,0.02,9.52381,7.14286,4.54545,3.84615,8.28157,6.21118,3.95257,3.34448,0.02,1.61943,0.02,1.24486,0.02,0.92447,False,-0.00764,0.03,0.03261,0.01667,0.98806,0.90909,0.18,0.628,1.1038,0.02069,0.02576,0.015,0.99068,0.15,0.465
0.045,2.5,flat,0.018,8.57143,6.42857,4.09091,3.46154,7.45342,5.59006,3.55731,3.01003,0.018,1.45749,0.018,1.12038,0.018,0.83202,False,-0.01636,0.0352,0.03186,0.02571,0.96554,1.06653,0.18,0.656,0.76172,0.07586,0.02485,0.00978,0.95574,0.07,0.505
0.033,1.0,flat,0.033,15.71429,11.78571,7.5,6.34615,13.6646,10.24845,6.52174,5.51839,0.033,2.67206,0.033,2.05403,0.033,1.52538,False,-0.0005,0.033,0.03172,0.02236,0.96136,1.0,0.25,0.762,1.35958,0.02069,0.03598,0.02492,1.3838,0.27,0.565
0.036,2.0,flat,0.018,8.57143,6.42857,4.09091,3.46154,7.45342,5.59006,3.55731,3.01003,0.018,1.45749,0.018,1.12038,0.018,0.83202,False,-0.01135,0.03579,0.03112,0.021,0.94313,1.08466,0.19,0.596,0.90336,0.01379,0.02453,0.0147,0.94352,0.11,0.435
0.03,1.0,flat,0.03,14.28571,10.71429,6.81818,5.76923,12.42236,9.31677,5.92885,5.01672,0.03,2.42915,0.03,1.8673,0.03,1.38671,False,-0.00046,0.03,0.02884,0.01936,0.87397,0.90909,0.22,0.696,1.27416,0.02069,0.03271,0.02231,1.258,0.25,0.54
0.033,2.0,flat,0.0165,7.85714,5.89286,3.75,3.17308,6.8323,5.12422,3.26087,2.7592,0.0165,1.33603,0.0165,1.02701,0.0165,0.76269,False,-0.0104,0.03281,0.02853,0.018,0.86454,0.99427,0.17,0.59,0.87103,0.01379,0.02249,0.01307,0.8649,0.1,0.415
0.04,2.5,flat,0.016,7.61905,5.71429,3.63636,3.07692,6.62526,4.96894,3.16206,2.67559,0.016,1.29555,0.016,0.99589,0.016,0.73958,False,-0.01454,0.03128,0.02832,0.02189,0.85826,0.94802,0.16,0.634,0.71036,0.07586,0.02209,0.00804,0.84955,0.07,0.46
0.025,1.5,flat,0.01667,7.93651,5.95238,3.78788,3.20513,6.90131,5.17598,3.29381,2.78707,0.01667,1.34953,0.01667,1.03739,0.01667,0.77039,False,-0.00637,0.025,0.02717,0.01262,0.82338,0.75758,0.15,0.496,0.9004,0.01379,0.02146,0.01,0.82557,0.125,0.36
0.045,3.0,flat,0.015,7.14286,5.35714,3.40909,2.88462,6.21118,4.65839,2.96443,2.50836,0.015,1.21457,0.015,0.93365,0.015,0.69335,False,-0.0116,0.02721,0.02674,0.01814,0.81022,0.82462,0.12,0.656,0.50761,0.15862,0.02076,0.00553,0.79848,0.04,0.49
0.03,2.0,flat,0.015,7.14286,5.35714,3.40909,2.88462,6.21118,4.65839,2.96443,2.50836,0.015,1.21457,0.015,0.93365,0.015,0.69335,False,-0.00945,0.02983,0.02594,0.015,0.78594,0.90388,0.15,0.55,0.83425,0.01379,0.02044,0.01127,0.78627,0.09,0.38
0.036,2.5,flat,0.0144,6.85714,5.14286,3.27273,2.76923,5.96273,4.47205,2.84585,2.40803,0.0144,1.16599,0.0144,0.8963,0.0144,0.66562,False,-0.01309,0.02816,0.02549,0.01899,0.77244,0.85322,0.13,0.596,0.66786,0.07586,0.01988,0.00679,0.76459,0.06,0.415
0.025,1.0,flat,0.025,11.90476,8.92857,5.68182,4.80769,10.35197,7.76398,4.94071,4.1806,0.025,2.02429,0.025,1.55608,0.025,1.15559,False,-0.00038,0.025,0.02403,0.01465,0.72831,0.75758,0.18,0.55,1.06835,0.01379,0.02726,0.01801,1.04833,0.2,0.5
0.04,3.0,flat,0.01333,6.34921,4.7619,3.0303,2.5641,5.52105,4.14079,2.63505,2.22965,0.01333,1.07962,0.01333,0.82991,0.01333,0.61631,False,-0.01031,0.02419,0.02377,0.01512,0.72019,0.733,0.11,0.65,0.46208,0.15862,0.01845,0.00457,0.70976,0.03,0.43
0.033,2.5,flat,0.0132,6.28571,4.71429,3.0,2.53846,5.46584,4.09938,2.6087,2.20736,0.0132,1.06883,0.0132,0.82161,0.0132,0.61015,False,-0.012,0.02581,0.02337,0.01678,0.70807,0.78212,0.13,0.596,0.64494,0.07586,0.01822,0.00584,0.70088,0.06,0.38
0.02,1.5,flat,0.01333,6.34921,4.7619,3.0303,2.5641,5.52105,4.14079,2.63505,2.22965,0.01333,1.07962,0.01333,0.82991,0.01333,0.61631,False,-0.00509,0.02,0.02174,0.00926,0.6587,0.60606,0.11,0.386,0.66912,0.01379,0.01717,0.00688,0.66046,0.1,0.3
0.025,2.0,flat,0.0125,5.95238,4.46429,2.84091,2.40385,5.17598,3.88199,2.47036,2.0903,0.0125,1.01215,0.0125,0.77804,0.0125,0.57779,False,-0.00788,0.02486,0.02161,0.01,0.65495,0.75324,0.12,0.4,0.70102,0.0069,0.01704,0.00859,0.65522,0.08,0.31
0.036,3.0,flat,0.012,5.71429,4.28571,2.72727,2.30769,4.96894,3.72671,2.37154,2.00669,0.012,0.97166,0.012,0.74692,0.012,0.55468,False,-0.00928,0.02177,0.02139,0.0127,0.64817,0.6597,0.11,0.552,0.44927,0.15172,0.01661,0.004,0.63879,0.03,0.415
0.03,2.5,flat,0.012,5.71429,4.28571,2.72727,2.30769,4.96894,3.72671,2.37154,2.00669,0.012,0.97166,0.012,0.74692,0.012,0.55468,False,-0.01091,0.02346,0.02124,0.01444,0.6437,0.71102,0.12,0.568,0.58875,0.06897,0.01657,0.00503,0.63716,0.05,0.34
0.045,4.0,flat,0.01125,5.35714,4.01786,2.55682,2.16346,4.65839,3.49379,2.22332,1.88127,0.01125,0.91093,0.01125,0.70024,0.01125,0.52001,False,-0.01404,0.01471,0.02059,0.00751,0.62396,0.44587,0.06,0.59,0.14537,0.34483,0.01602,-0.00096,0.61612,0.0,0.48
0.033,3.0,flat,0.011,5.2381,3.92857,2.5,2.11538,4.55487,3.41615,2.17391,1.83946,0.011,0.89069,0.011,0.68468,0.011,0.50846,False,-0.00851,0.01996,0.01961,0.01088,0.59416,0.60472,0.1,0.532,0.41481,0.14483,0.01522,0.00322,0.58555,0.03,0.36
0.02,1.0,flat,0.02,9.52381,7.14286,4.54545,3.84615,8.28157,6.21118,3.95257,3.34448,0.02,1.61943,0.02,1.24486,0.02,0.92447,False,-0.00031,0.02,0.01923,0.00965,0.58264,0.60606,0.14,0.516,0.82612,0.02759,0.02181,0.01368,0.83867,0.15,0.415
0.04,4.0,flat,0.01,4.7619,3.57143,2.27273,1.92308,4.14079,3.10559,1.97628,1.67224,0.01,0.80972,0.01,0.62243,0.01,0.46224,False,-0.01248,0.01308,0.0183,0.00506,0.55463,0.39633,0.05,0.586,0.09149,0.35862,0.01424,-0.0009,0.54767,0.0,0.4
0.03,3.0,flat,0.01,4.7619,3.57143,2.27273,1.92308,4.14079,3.10559,1.97628,1.67224,0.01,0.80972,0.01,0.62243,0.01,0.46224,False,-0.00773,0.01814,0.01782,0.00907,0.54014,0.54975,0.09,0.448,0.37943,0.13103,0.01384,0.00264,0.53232,0.02,0.32
0.025,2.5,flat,0.01,4.7619,3.57143,2.27273,1.92308,4.14079,3.10559,1.97628,1.67224,0.01,0.80972,0.01,0.62243,0.01,0.46224,False,-0.00909,0.01955,0.0177,0.01,0.53641,0.59251,0.09,0.366,0.4943,0.03448,0.01381,0.00385,0.53097,0.04,0.27
0.02,2.0,flat,0.01,4.7619,3.57143,2.27273,1.92308,4.14079,3.10559,1.97628,1.67224,0.01,0.80972,0.01,0.62243,0.01,0.46224,False,-0.0063,0.01989,0.01729,0.00537,0.52396,0.60259,0.09,0.34,0.50816,0.02069,0.01363,0.005,0.52418,0.055,0.24
0.036,4.0,flat,0.009,4.28571,3.21429,2.04545,1.73077,3.72671,2.79503,1.77866,1.50502,0.009,0.72874,0.009,0.56019,0.009,0.41601,False,-0.01123,0.01177,0.01647,0.00309,0.49917,0.35669,0.04,0.472,0.07346,0.38621,0.01282,-0.00109,0.4929,0.0,0.34
0.015,1.5,flat,0.01,4.7619,3.57143,2.27273,1.92308,4.14079,3.10559,1.97628,1.67224,0.01,0.80972,0.01,0.62243,0.01,0.46224,False,-0.00382,0.015,0.0163,0.00436,0.49403,0.45455,0.07,0.316,0.39725,0.22069,0.01288,0.0047,0.49534,0.06,0.245
0.033,4.0,flat,0.00825,3.92857,2.94643,1.875,1.58654,3.41615,2.56211,1.63043,1.3796,0.00825,0.66802,0.00825,0.51351,0.00825,0.38134,False,-0.0103,0.01079,0.0151,0.00198,0.45757,0.32697,0.03,0.466,0.05565,0.41379,0.01175,-0.0014,0.45182,0.0,0.315
0.025,3.0,flat,0.00833,3.96825,2.97619,1.89394,1.60256,3.45066,2.58799,1.6469,1.39353,0.00833,0.67476,0.00833,0.51869,0.00833,0.3852,False,-0.00644,0.01512,0.01485,0.00605,0.45012,0.45812,0.07,0.366,0.2907,0.13103,0.01153,0.00153,0.4436,0.02,0.26
0.015,1.0,flat,0.015,7.14286,5.35714,3.40909,2.88462,6.21118,4.65839,2.96443,2.50836,0.015,1.21457,0.015,0.93365,0.015,0.69335,False,-0.00023,0.015,0.01442,0.00482,0.43698,0.45455,0.09,0.346,0.44587,0.22069,0.01635,0.00958,0.629,0.1,0.33
0.02,2.5,flat,0.008,3.80952,2.85714,1.81818,1.53846,3.31263,2.48447,1.58103,1.33779,0.008,0.64777,0.008,0.49795,0.008,0.36979,False,-0.00727,0.01564,0.01416,0.005,0.42913,0.47401,0.07,0.296,0.35349,0.02069,0.01104,0.0025,0.42477,0.03,0.19
0.045,6.0,flat,0.0075,3.57143,2.67857,1.70455,1.44231,3.10559,2.32919,1.48221,1.25418,0.0075,0.60729,0.0075,0.46682,0.0075,0.34668,False,-0.00569,0.01037,0.01416,0.00165,0.42906,0.31419,0.02,0.532,0.0,0.44828,0.01099,-0.00263,0.4226,0.0,0.48
0.03,4.0,flat,0.0075,3.57143,2.67857,1.70455,1.44231,3.10559,2.32919,1.48221,1.25418,0.0075,0.60729,0.0075,0.46682,0.0075,0.34668,False,-0.00936,0.00981,0.01373,0.00222,0.41597,0.29724,0.02,0.386,0.03652,0.41379,0.01068,-0.00171,0.41075,0.0,0.295
0.015,2.0,flat,0.0075,3.57143,2.67857,1.70455,1.44231,3.10559,2.32919,1.48221,1.25418,0.0075,0.60729,0.0075,0.46682,0.0075,0.34668,False,-0.00473,0.01491,0.01297,0.00316,0.39297,0.45194,0.05,0.282,0.28925,0.25517,0.01022,0.00161,0.39313,0.02,0.16
0.04,6.0,flat,0.00667,3.1746,2.38095,1.51515,1.28205,2.76052,2.07039,1.31752,1.11483,0.00667,0.53981,0.00667,0.41495,0.00667,0.30816,False,-0.00506,0.00922,0.01259,1e-05,0.38138,0.27928,0.01,0.448,0.0,0.46897,0.00977,-0.0027,0.37565,0.0,0.42
0.02,3.0,flat,0.00667,3.1746,2.38095,1.51515,1.28205,2.76052,2.07039,1.31752,1.11483,0.00667,0.53981,0.00667,0.41495,0.00667,0.30816,False,-0.00515,0.01209,0.01188,0.00296,0.3601,0.3665,0.04,0.29,0.17516,0.13793,0.00923,0.00047,0.35488,0.01,0.185
0.025,4.0,flat,0.00625,2.97619,2.23214,1.42045,1.20192,2.58799,1.94099,1.23518,1.04515,0.00625,0.50607,0.00625,0.38902,0.00625,0.2889,False,-0.0078,0.00817,0.01144,0.00055,0.34664,0.2477,0.01,0.33,0.0,0.44138,0.0089,-0.00235,0.34229,0.0,0.235
0.036,6.0,flat,0.006,2.85714,2.14286,1.36364,1.15385,2.48447,1.86335,1.18577,1.00334,0.006,0.48583,0.006,0.37346,0.006,0.27734,False,-0.00456,0.00829,0.01133,-0.0013,0.34324,0.25135,0.01,0.396,0.0,0.48966,0.00879,-0.00344,0.33808,0.0,0.395
0.045,8.0,flat,0.00562,2.67857,2.00893,1.27841,1.08173,2.32919,1.74689,1.11166,0.94064,0.00562,0.45547,0.00562,0.35012,0.00562,0.26001,False,-0.00545,0.00728,0.01077,-0.0039,0.32628,0.22059,0.0,0.43,0.0,0.52414,0.00827,-0.00212,0.31822,0.0,0.53
0.015,2.5,flat,0.006,2.85714,2.14286,1.36364,1.15385,2.48447,1.86335,1.18577,1.00334,0.006,0.48583,0.006,0.37346,0.006,0.27734,False,-0.00545,0.01173,0.01062,0.00173,0.32185,0.35551,0.03,0.25,0.16514,0.25517,0.00828,-0.0,0.31858,0.0,0.115
0.033,6.0,flat,0.0055,2.61905,1.96429,1.25,1.05769,2.27743,1.70807,1.08696,0.91973,0.0055,0.44534,0.0055,0.34234,0.0055,0.25423,False,-0.00418,0.0076,0.01038,-0.00191,0.31464,0.2304,0.0,0.396,0.0,0.50345,0.00806,-0.00347,0.30991,0.0,0.365
0.04,8.0,flat,0.005,2.38095,1.78571,1.13636,0.96154,2.07039,1.5528,0.98814,0.83612,0.005,0.40486,0.005,0.31122,0.005,0.23112,False,-0.00484,0.00647,0.00957,-0.00513,0.29002,0.19608,0.0,0.418,0.0,0.52414,0.00735,-0.00233,0.28286,0.0,0.425
0.03,6.0,flat,0.005,2.38095,1.78571,1.13636,0.96154,2.07039,1.5528,0.98814,0.83612,0.005,0.40486,0.005,0.31122,0.005,0.23112,False,-0.0038,0.00691,0.00944,-0.00263,0.28604,0.20946,0.0,0.316,0.0,0.50345,0.00733,-0.00341,0.28173,0.0,0.325
0.02,4.0,flat,0.005,2.38095,1.78571,1.13636,0.96154,2.07039,1.5528,0.98814,0.83612,0.005,0.40486,0.005,0.31122,0.005,0.23112,False,-0.00624,0.00654,0.00915,-0.00056,0.27732,0.19816,0.0,0.266,0.0,0.48276,0.00712,-0.00324,0.27383,0.0,0.16
0.015,3.0,flat,0.005,2.38095,1.78571,1.13636,0.96154,2.07039,1.5528,0.98814,0.83612,0.005,0.40486,0.005,0.31122,0.005,0.23112,False,-0.00387,0.00907,0.00891,-0.0,0.27007,0.27487,0.0,0.27,0.0,0.43448,0.00692,-0.0,0.26616,0.0,0.085
0.036,8.0,flat,0.0045,2.14286,1.60714,1.02273,0.86538,1.86335,1.39752,0.88933,0.75251,0.0045,0.36437,0.0045,0.28009,0.0045,0.20801,False,-0.00436,0.00582,0.00861,-0.00499,0.26102,0.17647,0.0,0.382,0.0,0.54483,0.00662,-0.00237,0.25457,0.0,0.37
0.033,8.0,flat,0.00413,1.96429,1.47321,0.9375,0.79327,1.70807,1.28106,0.81522,0.6898,0.00413,0.33401,0.00413,0.25675,0.00413,0.19067,False,-0.00399,0.00534,0.0079,-0.00455,0.23927,0.16177,0.0,0.346,0.0,0.54483,0.00607,-0.00219,0.23336,0.0,0.34
0.025,6.0,flat,0.00417,1.98413,1.4881,0.94697,0.80128,1.72533,1.294,0.82345,0.69677,0.00417,0.33738,0.00417,0.25935,0.00417,0.1926,False,-0.00316,0.00576,0.00787,-0.00383,0.23836,0.17455,0.0,0.274,0.0,0.55172,0.0061,-0.00343,0.23478,0.0,0.26
0.03,8.0,flat,0.00375,1.78571,1.33929,0.85227,0.72115,1.5528,1.1646,0.74111,0.62709,0.00375,0.30364,0.00375,0.23341,0.00375,0.17334,False,-0.00363,0.00485,0.00718,-0.00464,0.21752,0.14706,0.0,0.29,0.0,0.55862,0.00552,-0.00291,0.21215,0.0,0.295
0.015,4.0,flat,0.00375,1.78571,1.33929,0.85227,0.72115,1.5528,1.1646,0.74111,0.62709,0.00375,0.30364,0.00375,0.23341,0.00375,0.17334,False,-0.00468,0.0049,0.00686,-0.00253,0.20799,0.14862,0.0,0.166,0.0,0.71034,0.00534,-0.0021,0.20537,0.0,0.09
0.02,6.0,flat,0.00333,1.5873,1.19048,0.75758,0.64103,1.38026,1.0352,0.65876,0.55741,0.00333,0.26991,0.00333,0.20748,0.00333,0.15408,False,-0.00253,0.00461,0.00629,-0.00495,0.19069,0.13964,0.0,0.166,0.0,0.57931,0.00488,-0.00359,0.18782,0.0,0.19
0.025,8.0,flat,0.00313,1.4881,1.11607,0.71023,0.60096,1.294,0.9705,0.61759,0.52258,0.00313,0.25304,0.00313,0.19451,0.00313,0.14445,False,-0.00303,0.00404,0.00598,-0.00545,0.18126,0.12255,0.0,0.246,0.0,0.6069,0.0046,-0.00323,0.17679,0.0,0.24
0.02,8.0,flat,0.0025,1.19048,0.89286,0.56818,0.48077,1.0352,0.7764,0.49407,0.41806,0.0025,0.20243,0.0025,0.15561,0.0025,0.11556,False,-0.00242,0.00324,0.00479,-0.00693,0.14501,0.09804,0.0,0.142,0.0,0.65517,0.00368,-0.0034,0.14143,0.0,0.19
0.015,6.0,flat,0.0025,1.19048,0.89286,0.56818,0.48077,1.0352,0.7764,0.49407,0.41806,0.0025,0.20243,0.0025,0.15561,0.0025,0.11556,False,-0.0019,0.00346,0.00472,-0.00502,0.14302,0.10473,0.0,0.146,0.0,0.73103,0.00366,-0.00287,0.14087,0.0,0.14
0.015,8.0,flat,0.00187,0.89286,0.66964,0.42614,0.36058,0.7764,0.5823,0.37055,0.31355,0.00187,0.15182,0.00187,0.11671,0.00187,0.08667,False,-0.00182,0.00243,0.00359,-0.00636,0.10876,0.07353,0.0,0.106,0.0,0.77931,0.00276,-0.0033,0.10607,0.0,0.125
0.045,1.5,g10_12,0.03,14.28571,10.71429,6.81818,5.76923,12.42236,9.31677,5.92885,5.01672,0.00931,0.75373,0.01562,0.97255,0.025,1.15559,True,-0.01058,0.045,0.04891,0.03,1.48208,1.36364,0.3,0.728,1.23812,0.01379,0.01504,0.01498,0.57862,0.11,0.505
0.045,1.0,g10_12,0.045,21.42857,16.07143,10.22727,8.65385,18.63354,13.97516,8.89328,7.52508,0.00931,0.75373,0.01562,0.97255,0.025,1.15559,True,-0.00165,0.045,0.04482,0.03427,1.3581,1.36364,0.32,0.81,1.55961,0.02069,0.01435,0.02226,0.55187,0.16,0.55
0.04,1.5,g10_12,0.02667,12.69841,9.52381,6.06061,5.12821,11.0421,8.28157,5.27009,4.45931,0.00931,0.75373,0.01562,0.97255,0.025,1.15559,True,-0.0094,0.04,0.04347,0.02538,1.31741,1.21212,0.29,0.682,1.21563,0.01379,0.01447,0.01287,0.55667,0.1,0.465
0.04,1.0,g10_12,0.04,19.04762,14.28571,9.09091,7.69231,16.56315,12.42236,7.90514,6.68896,0.00931,0.75373,0.01562,0.97255,0.025,1.15559,True,-0.00146,0.04,0.03984,0.02936,1.2072,1.21212,0.3,0.79,1.49782,0.02069,0.01403,0.01994,0.53979,0.15,0.515
0.036,1.5,g10_12,0.024,11.42857,8.57143,5.45455,4.61538,9.93789,7.45342,4.74308,4.01338,0.00931,0.75373,0.01562,0.97255,0.025,1.15559,True,-0.00846,0.036,0.03913,0.02138,1.18567,1.09091,0.24,0.676,1.1381,0.02069,0.01404,0.01149,0.54014,0.1,0.43
0.045,2.0,g10_12,0.0225,10.71429,8.03571,5.11364,4.32692,9.31677,6.98758,4.44664,3.76254,0.00931,0.75373,0.01562,0.97255,0.025,1.15559,True,-0.01339,0.04466,0.0389,0.03,1.17891,1.3534,0.26,0.666,0.97187,0.01379,0.01524,0.00801,0.58631,0.07,0.475
0.033,1.5,g10_12,0.022,10.47619,7.85714,5.0,4.23077,9.10973,6.8323,4.34783,3.67893,0.00931,0.75373,0.01562,0.97255,0.025,1.15559,True,-0.00776,0.033,0.03587,0.01841,1.08686,1.0,0.21,0.666,1.11392,0.02069,0.01379,0.01034,0.53051,0.095,0.395
0.036,1.0,g10_12,0.036,17.14286,12.85714,8.18182,6.92308,14.90683,11.18012,7.11462,6.02007,0.00931,0.75373,0.01562,0.97255,0.025,1.15559,True,-0.00132,0.036,0.03585,0.02536,1.08648,1.09091,0.27,0.782,1.42657,0.02069,0.01378,0.01793,0.52982,0.14,0.51
0.04,2.0,g10_12,0.02,9.52381,7.14286,4.54545,3.84615,8.28157,6.21118,3.95257,3.34448,0.00931,0.75373,0.01562,0.97255,0.025,1.15559,True,-0.0119,0.0397,0.03458,0.025,1.04792,1.20303,0.22,0.634,0.93295,0.01379,0.01411,0.00682,0.54262,0.07,0.415
0.033,1.0,g10_12,0.033,15.71429,11.78571,7.5,6.34615,13.6646,10.24845,6.52174,5.51839,0.00931,0.75373,0.01562,0.97255,0.025,1.15559,True,-0.00121,0.033,0.03287,0.02236,0.99594,1.0,0.25,0.762,1.35489,0.02069,0.01368,0.01568,0.52607,0.13,0.455
0.03,1.5,g10_12,0.02,9.52381,7.14286,4.54545,3.84615,8.28157,6.21118,3.95257,3.34448,0.00931,0.75373,0.01562,0.97255,0.025,1.15559,True,-0.00705,0.03,0.03261,0.01667,0.98806,0.90909,0.18,0.628,1.1038,0.02069,0.01359,0.00919,0.52287,0.085,0.335
0.045,2.5,g10_12,0.018,8.57143,6.42857,4.09091,3.46154,7.45342,5.59006,3.55731,3.01003,0.00931,0.75373,0.01562,0.97255,0.025,1.15559,True,-0.01636,0.03545,0.03208,0.02564,0.97226,1.07415,0.17,0.656,0.76678,0.06897,0.01401,0.00446,0.53869,0.04,0.42
0.036,2.0,g10_12,0.018,8.57143,6.42857,4.09091,3.46154,7.45342,5.59006,3.55731,3.01003,0.00931,0.75373,0.01562,0.97255,0.025,1.15559,True,-0.01125,0.03573,0.03112,0.021,0.94313,1.08272,0.19,0.596,0.90336,0.01379,0.01362,0.006,0.5239,0.06,0.375
0.03,1.0,g10_12,0.03,14.28571,10.71429,6.81818,5.76923,12.42236,9.31677,5.92885,5.01672,0.00931,0.75373,0.01562,0.97255,0.025,1.15559,True,-0.0011,0.03,0.02988,0.01936,0.9054,0.90909,0.21,0.696,1.25959,0.02069,0.01332,0.01367,0.51218,0.12,0.42
0.033,2.0,g10_12,0.0165,7.85714,5.89286,3.75,3.17308,6.8323,5.12422,3.26087,2.7592,0.00931,0.75373,0.01562,0.97255,0.025,1.15559,True,-0.0104,0.03275,0.02853,0.018,0.86454,0.9925,0.17,0.59,0.88131,0.01379,0.01304,0.00561,0.50137,0.06,0.35
0.04,2.5,g10_12,0.016,7.61905,5.71429,3.63636,3.07692,6.62526,4.96894,3.16206,2.67559,0.00931,0.75373,0.01562,0.97255,0.025,1.15559,True,-0.01454,0.03151,0.02852,0.02179,0.86423,0.9548,0.16,0.634,0.71854,0.06897,0.01336,0.00376,0.51367,0.04,0.385
0.025,1.5,g10_12,0.01667,7.93651,5.95238,3.78788,3.20513,6.90131,5.17598,3.29381,2.78707,0.00931,0.75373,0.01562,0.97255,0.025,1.15559,True,-0.00588,0.025,0.02717,0.0126,0.82338,0.75758,0.15,0.5,0.90109,0.01379,0.01265,0.00693,0.4867,0.07,0.285
0.045,3.0,g10_12,0.015,7.14286,5.35714,3.40909,2.88462,6.21118,4.65839,2.96443,2.50836,0.00931,0.75373,0.01562,0.97255,0.025,1.15559,True,-0.0116,0.02721,0.02674,0.01865,0.81022,0.82462,0.13,0.656,0.51728,0.14483,0.01361,0.00106,0.52342,0.03,0.425
0.03,2.0,g10_12,0.015,7.14286,5.35714,3.40909,2.88462,6.21118,4.65839,2.96443,2.50836,0.00931,0.75373,0.01562,0.97255,0.025,1.15559,True,-0.00945,0.02977,0.02594,0.015,0.78594,0.90227,0.15,0.55,0.84139,0.01379,0.01257,0.00495,0.4834,0.05,0.315
0.036,2.5,g10_12,0.0144,6.85714,5.14286,3.27273,2.76923,5.96273,4.47205,2.84585,2.40803,0.00931,0.75373,0.01562,0.97255,0.025,1.15559,True,-0.01309,0.02836,0.02549,0.01897,0.77244,0.85932,0.13,0.596,0.66786,0.06897,0.01276,0.00336,0.49086,0.04,0.345
0.025,1.0,g10_12,0.025,11.90476,8.92857,5.68182,4.80769,10.35197,7.76398,4.94071,4.1806,0.00931,0.75373,0.01562,0.97255,0.025,1.15559,True,-0.00091,0.025,0.0249,0.01465,0.7545,0.75758,0.18,0.55,1.066,0.01379,0.01242,0.00991,0.47767,0.1,0.345
0.04,3.0,g10_12,0.01333,6.34921,4.7619,3.0303,2.5641,5.52105,4.14079,2.63505,2.22965,0.00931,0.75373,0.01562,0.97255,0.025,1.15559,True,-0.01031,0.02419,0.02377,0.01554,0.72019,0.733,0.11,0.65,0.46826,0.14483,0.01287,0.0009,0.4949,0.02,0.375
0.033,2.5,g10_12,0.0132,6.28571,4.71429,3.0,2.53846,5.46584,4.09938,2.6087,2.20736,0.00931,0.75373,0.01562,0.97255,0.025,1.15559,True,-0.012,0.02599,0.02337,0.01664,0.70807,0.78771,0.13,0.596,0.64494,0.06897,0.01216,0.00292,0.46768,0.03,0.315
0.02,1.5,g10_12,0.01333,6.34921,4.7619,3.0303,2.5641,5.52105,4.14079,2.63505,2.22965,0.00931,0.75373,0.01562,0.97255,0.025,1.15559,True,-0.0047,0.02,0.02174,0.00902,0.6587,0.60606,0.11,0.386,0.66912,0.01379,0.01159,0.00489,0.44594,0.06,0.245
0.025,2.0,g10_12,0.0125,5.95238,4.46429,2.84091,2.40385,5.17598,3.88199,2.47036,2.0903,0.00931,0.75373,0.01562,0.97255,0.025,1.15559,True,-0.00788,0.02481,0.02161,0.01,0.65495,0.75189,0.12,0.406,0.71225,0.0069,0.01174,0.00367,0.45137,0.045,0.26
0.036,3.0,g10_12,0.012,5.71429,4.28571,2.72727,2.30769,4.96894,3.72671,2.37154,2.00669,0.00931,0.75373,0.01562,0.97255,0.025,1.15559,True,-0.00928,0.02213,0.02139,0.01272,0.64817,0.67051,0.11,0.552,0.44927,0.13793,0.01222,0.00062,0.47011,0.02,0.34
0.03,2.5,g10_12,0.012,5.71429,4.28571,2.72727,2.30769,4.96894,3.72671,2.37154,2.00669,0.00931,0.75373,0.01562,0.97255,0.025,1.15559,True,-0.01099,0.02363,0.02124,0.01439,0.6437,0.7161,0.12,0.568,0.58875,0.06207,0.01181,0.00245,0.45442,0.03,0.29
0.045,4.0,g10_12,0.01125,5.35714,4.01786,2.55682,2.16346,4.65839,3.49379,2.22332,1.88127,0.00931,0.75373,0.01562,0.97255,0.025,1.15559,True,-0.0119,0.01718,0.02059,0.00905,0.62396,0.52068,0.07,0.596,0.18294,0.33793,0.01228,0.0,0.4723,0.0,0.39
0.02,1.0,g10_12,0.02,9.52381,7.14286,4.54545,3.84615,8.28157,6.21118,3.95257,3.34448,0.00931,0.75373,0.01562,0.97255,0.025,1.15559,True,-0.00073,0.02,0.01992,0.00965,0.6036,0.60606,0.14,0.516,0.82612,0.02759,0.01161,0.005,0.44663,0.08,0.32
0.033,3.0,g10_12,0.011,5.2381,3.92857,2.5,2.11538,4.55487,3.41615,2.17391,1.83946,0.00931,0.75373,0.01562,0.97255,0.025,1.15559,True,-0.00851,0.02051,0.01961,0.01088,0.59416,0.62157,0.1,0.532,0.4187,0.13103,0.01173,0.00045,0.45097,0.015,0.3
0.04,4.0,g10_12,0.01,4.7619,3.57143,2.27273,1.92308,4.14079,3.10559,1.97628,1.67224,0.00931,0.75373,0.01562,0.97255,0.025,1.15559,True,-0.01058,0.01487,0.0183,0.00712,0.55463,0.45065,0.06,0.586,0.12383,0.34483,0.01131,0.0,0.43518,0.0,0.315
0.03,3.0,g10_12,0.01,4.7619,3.57143,2.27273,1.92308,4.14079,3.10559,1.97628,1.67224,0.00931,0.75373,0.01562,0.97255,0.025,1.15559,True,-0.00773,0.01865,0.01782,0.00932,0.54014,0.56506,0.09,0.414,0.37943,0.11724,0.01111,0.00046,0.42722,0.01,0.28
0.025,2.5,g10_12,0.01,4.7619,3.57143,2.27273,1.92308,4.14079,3.10559,1.97628,1.67224,0.00931,0.75373,0.01562,0.97255,0.025,1.15559,True,-0.01013,0.01969,0.0177,0.01,0.53641,0.59675,0.09,0.366,0.49417,0.02759,0.011,0.0017,0.42295,0.02,0.23
0.02,2.0,g10_12,0.01,4.7619,3.57143,2.27273,1.92308,4.14079,3.10559,1.97628,1.67224,0.00931,0.75373,0.01562,0.97255,0.025,1.15559,True,-0.0063,0.01985,0.01729,0.00569,0.52396,0.60151,0.09,0.34,0.51359,0.02069,0.01076,0.00269,0.41367,0.04,0.19
0.036,4.0,g10_12,0.009,4.28571,3.21429,2.04545,1.73077,3.72671,2.79503,1.77866,1.50502,0.00931,0.75373,0.01562,0.97255,0.025,1.15559,True,-0.00976,0.01288,0.01647,0.00569,0.49917,0.39029,0.05,0.426,0.13646,0.36552,0.01081,0.0,0.41576,0.0,0.295
0.015,1.5,g10_12,0.01,4.7619,3.57143,2.27273,1.92308,4.14079,3.10559,1.97628,1.67224,0.00931,0.75373,0.01562,0.97255,0.025,1.15559,True,-0.00353,0.015,0.0163,0.0042,0.49403,0.45455,0.06,0.316,0.39725,0.22069,0.01059,0.0007,0.4073,0.03,0.195
0.033,4.0,g10_12,0.00825,3.92857,2.94643,1.875,1.58654,3.41615,2.56211,1.63043,1.3796,0.00931,0.75373,0.01562,0.97255,0.025,1.15559,True,-0.00933,0.01219,0.0151,0.00423,0.45757,0.36931,0.04,0.418,0.10654,0.38621,0.01043,-0.0,0.40115,0.0,0.275
0.015,1.0,g10_12,0.015,7.14286,5.35714,3.40909,2.88462,6.21118,4.65839,2.96443,2.50836,0.00931,0.75373,0.01562,0.97255,0.025,1.15559,True,-0.00055,0.015,0.01494,0.00482,0.4527,0.45455,0.09,0.346,0.44587,0.22069,0.01052,0.00114,0.40455,0.04,0.27
0.025,3.0,g10_12,0.00833,3.96825,2.97619,1.89394,1.60256,3.45066,2.58799,1.6469,1.39353,0.00931,0.75373,0.01562,0.97255,0.025,1.15559,True,-0.00644,0.01554,0.01485,0.00622,0.45012,0.47088,0.07,0.366,0.30595,0.11724,0.0101,0.00016,0.38861,0.01,0.215
0.02,2.5,g10_12,0.008,3.80952,2.85714,1.81818,1.53846,3.31263,2.48447,1.58103,1.33779,0.00931,0.75373,0.01562,0.97255,0.025,1.15559,True,-0.0081,0.01575,0.01416,0.005,0.42913,0.4774,0.07,0.278,0.35349,0.01379,0.00991,0.00096,0.38106,0.02,0.16
0.045,6.0,g10_12,0.0075,3.57143,2.67857,1.70455,1.44231,3.10559,2.32919,1.48221,1.25418,0.00931,0.75373,0.01562,0.97255,0.025,1.15559,True,-0.00593,0.01056,0.01416,0.00241,0.42906,0.3201,0.04,0.532,0.0,0.42069,0.01021,-0.0,0.39278,0.0,0.33
0.03,4.0,g10_12,0.0075,3.57143,2.67857,1.70455,1.44231,3.10559,2.32919,1.48221,1.25418,0.00931,0.75373,0.01562,0.97255,0.025,1.15559,True,-0.00889,0.01114,0.01373,0.003,0.41597,0.33748,0.04,0.376,0.04219,0.38621,0.00997,-0.0,0.38355,0.0,0.245
0.015,2.0,g10_12,0.0075,3.57143,2.67857,1.70455,1.44231,3.10559,2.32919,1.48221,1.25418,0.00931,0.75373,0.01562,0.97255,0.025,1.15559,True,-0.00473,0.01489,0.01297,0.00346,0.39297,0.45113,0.05,0.29,0.28925,0.25517,0.00957,0.00023,0.36804,0.01,0.14
0.04,6.0,g10_12,0.00667,3.1746,2.38095,1.51515,1.28205,2.76052,2.07039,1.31752,1.11483,0.00931,0.75373,0.01562,0.97255,0.025,1.15559,True,-0.00527,0.00953,0.01259,0.00115,0.38138,0.28879,0.03,0.43,0.0,0.44138,0.0097,-0.0,0.37301,0.0,0.3
0.02,3.0,g10_12,0.00667,3.1746,2.38095,1.51515,1.28205,2.76052,2.07039,1.31752,1.11483,0.00931,0.75373,0.01562,0.97255,0.025,1.15559,True,-0.00515,0.01243,0.0118,0.00311,0.35761,0.37671,0.04,0.29,0.18759,0.11724,0.00929,0.0,0.35738,0.0,0.14
0.025,4.0,g10_12,0.00625,2.97619,2.23214,1.42045,1.20192,2.58799,1.94099,1.23518,1.04515,0.00931,0.75373,0.01562,0.97255,0.025,1.15559,True,-0.0078,0.00888,0.01144,0.0007,0.34664,0.26896,0.01,0.33,0.0,0.42069,0.00918,-1e-05,0.35321,0.0,0.18
0.036,6.0,g10_12,0.006,2.85714,2.14286,1.36364,1.15385,2.48447,1.86335,1.18577,1.00334,0.00931,0.75373,0.01562,0.97255,0.025,1.15559,True,-0.00475,0.00845,0.01133,0.00016,0.34324,0.25608,0.02,0.382,0.0,0.46897,0.00918,-1e-05,0.35307,0.0,0.27
0.045,8.0,g10_12,0.00562,2.67857,2.00893,1.27841,1.08173,2.32919,1.74689,1.11166,0.94064,0.00931,0.75373,0.01562,0.97255,0.025,1.15559,True,-0.00618,0.00556,0.01081,-0.00283,0.32751,0.16845,0.0,0.422,0.0,0.55172,0.00906,-0.0001,0.34853,0.0,0.295
0.015,2.5,g10_12,0.006,2.85714,2.14286,1.36364,1.15385,2.48447,1.86335,1.18577,1.00334,0.00931,0.75373,0.01562,0.97255,0.025,1.15559,True,-0.00608,0.01182,0.01062,0.00175,0.32185,0.35805,0.03,0.262,0.16514,0.24828,0.0086,0.0,0.33068,0.0,0.1
0.033,6.0,g10_12,0.0055,2.61905,1.96429,1.25,1.05769,2.27743,1.70807,1.08696,0.91973,0.00931,0.75373,0.01562,0.97255,0.025,1.15559,True,-0.00431,0.00775,0.01038,-0.00057,0.31464,0.23474,0.01,0.378,0.0,0.48276,0.00884,-0.00043,0.34001,0.0,0.245
0.04,8.0,g10_12,0.005,2.38095,1.78571,1.13636,0.96154,2.07039,1.5528,0.98814,0.83612,0.00931,0.75373,0.01562,0.97255,0.025,1.15559,True,-0.00549,0.00455,0.00961,-0.00376,0.29112,0.13798,0.0,0.378,0.0,0.55862,0.00854,-0.00023,0.32838,0.0,0.265
0.03,6.0,g10_12,0.005,2.38095,1.78571,1.13636,0.96154,2.07039,1.5528,0.98814,0.83612,0.00931,0.75373,0.01562,0.97255,0.025,1.15559,True,-0.0038,0.00704,0.00944,-0.00093,0.28604,0.2134,0.0,0.316,0.0,0.49655,0.00845,-0.00067,0.32514,0.0,0.23
0.02,4.0,g10_12,0.005,2.38095,1.78571,1.13636,0.96154,2.07039,1.5528,0.98814,0.83612,0.00931,0.75373,0.01562,0.97255,0.025,1.15559,True,-0.00624,0.0071,0.00915,-0.00047,0.27732,0.21517,0.0,0.266,0.0,0.48966,0.00843,-0.00029,0.32422,0.0,0.12
0.015,3.0,g10_12,0.005,2.38095,1.78571,1.13636,0.96154,2.07039,1.5528,0.98814,0.83612,0.00931,0.75373,0.01562,0.97255,0.025,1.15559,True,-0.00387,0.00932,0.00885,-0.0,0.26821,0.28253,0.0,0.27,0.0,0.4069,0.00821,-0.0,0.31566,0.0,0.06
0.036,8.0,g10_12,0.0045,2.14286,1.60714,1.02273,0.86538,1.86335,1.39752,0.88933,0.75251,0.00931,0.75373,0.01562,0.97255,0.025,1.15559,True,-0.00481,0.00421,0.00865,-0.00328,0.26201,0.1276,0.0,0.336,0.0,0.56552,0.00815,-0.00063,0.31364,0.0,0.215
0.033,8.0,g10_12,0.00413,1.96429,1.47321,0.9375,0.79327,1.70807,1.28106,0.81522,0.6898,0.00931,0.75373,0.01562,0.97255,0.025,1.15559,True,-0.00399,0.00408,0.00793,-0.0039,0.24018,0.12365,0.0,0.306,0.0,0.56552,0.00768,-0.00071,0.29545,0.0,0.205
0.025,6.0,g10_12,0.00417,1.98413,1.4881,0.94697,0.80128,1.72533,1.294,0.82345,0.69677,0.00931,0.75373,0.01562,0.97255,0.025,1.15559,True,-0.00316,0.00587,0.00787,-0.00209,0.23836,0.17784,0.0,0.282,0.0,0.53793,0.00771,-0.00062,0.29672,0.0,0.19
0.03,8.0,g10_12,0.00375,1.78571,1.33929,0.85227,0.72115,1.5528,1.1646,0.74111,0.62709,0.00931,0.75373,0.01562,0.97255,0.025,1.15559,True,-0.00353,0.00412,0.00721,-0.00418,0.21834,0.12477,0.0,0.282,0.0,0.56552,0.00719,-0.00057,0.27639,0.0,0.19
0.015,4.0,g10_12,0.00375,1.78571,1.33929,0.85227,0.72115,1.5528,1.1646,0.74111,0.62709,0.00931,0.75373,0.01562,0.97255,0.025,1.15559,True,-0.00435,0.00533,0.00686,-0.00226,0.20799,0.16137,0.0,0.178,0.0,0.71034,0.00709,-0.00038,0.27259,0.0,0.06
0.02,6.0,g10_12,0.00333,1.5873,1.19048,0.75758,0.64103,1.38026,1.0352,0.65876,0.55741,0.00931,0.75373,0.01562,0.97255,0.025,1.15559,True,-0.00253,0.00469,0.00629,-0.00377,0.19069,0.14227,0.0,0.188,0.0,0.58621,0.00651,-0.00076,0.25039,0.0,0.15
0.025,8.0,g10_12,0.00313,1.4881,1.11607,0.71023,0.60096,1.294,0.9705,0.61759,0.52258,0.00931,0.75373,0.01562,0.97255,0.025,1.15559,True,-0.00303,0.00381,0.006,-0.00489,0.18195,0.11547,0.0,0.234,0.0,0.6,0.00618,-0.00078,0.23777,0.0,0.15
0.02,8.0,g10_12,0.0025,1.19048,0.89286,0.56818,0.48077,1.0352,0.7764,0.49407,0.41806,0.00931,0.75373,0.01562,0.97255,0.025,1.15559,True,-0.00216,0.00362,0.0048,-0.00533,0.14556,0.10964,0.0,0.13,0.0,0.63448,0.0053,-0.00115,0.20401,0.0,0.14
0.015,6.0,g10_12,0.0025,1.19048,0.89286,0.56818,0.48077,1.0352,0.7764,0.49407,0.41806,0.00931,0.75373,0.01562,0.97255,0.025,1.15559,True,-0.00134,0.00361,0.00479,-0.00465,0.14501,0.10941,0.0,0.146,0.0,0.73103,0.00533,-0.00076,0.20518,0.0,0.08
0.015,8.0,g10_12,0.00187,0.89286,0.66964,0.42614,0.36058,0.7764,0.5823,0.37055,0.31355,0.00931,0.75373,0.01562,0.97255,0.025,1.15559,True,-0.00144,0.00295,0.0036,-0.00635,0.10917,0.08954,0.0,0.11,0.0,0.76552,0.00437,-0.00126,0.16825,0.0,0.09
0.045,1.0,g6_10,0.045,21.42857,16.07143,10.22727,2.88462,18.63354,13.97516,8.89328,2.50836,0.00931,0.75373,0.01562,0.97255,0.025,1.15559,True,-0.00594,0.04181,0.0387,0.03,1.17285,1.26704,0.28,0.782,1.24106,0.02069,0.00932,0.0,0.35851,0.0,0.185
0.04,1.0,g6_10,0.04,19.04762,14.28571,9.09091,2.64423,16.56315,12.42236,7.90514,2.29933,0.00931,0.75373,0.01562,0.97255,0.025,1.15559,True,-0.00566,0.03734,0.0344,0.025,1.04253,1.13162,0.25,0.738,1.23334,0.02069,0.00909,0.0,0.34957,0.0,0.16
0.045,1.5,g6_10,0.03,14.28571,10.71429,6.81818,2.5641,12.42236,9.31677,5.92885,2.22965,0.00931,0.75373,0.01562,0.97255,0.025,1.15559,True,-0.01095,0.0395,0.03195,0.02962,0.96816,1.19683,0.26,0.696,1.07794,0.01379,0.00907,0.0,0.34876,0.0,0.18
0.036,1.0,g6_10,0.036,17.14286,12.85714,8.18182,2.45192,14.90683,11.18012,7.11462,2.13211,0.00931,0.75373,0.01562,0.97255,0.025,1.15559,True,-0.0054,0.03377,0.03096,0.021,0.93828,1.02329,0.23,0.7,1.15758,0.02069,0.00883,0.0,0.33971,0.0,0.15
0.045,2.0,g6_10,0.0225,10.71429,8.03571,5.11364,2.30769,9.31677,6.98758,4.44664,2.00669,0.00931,0.75373,0.01562,0.97255,0.025,1.15559,True,-0.01212,0.03742,0.03019,0.02505,0.91493,1.13402,0.2,0.666,0.90247,0.02069,0.00876,0.0,0.33694,0.0,0.18
0.04,1.5,g6_10,0.02667,12.69841,9.52381,6.06061,2.35043,11.0421,8.28157,5.27009,2.04385,0.00931,0.75373,0.01562,0.97255,0.025,1.15559,True,-0.01043,0.03541,0.02929,0.025,0.88759,1.07312,0.2,0.656,1.07464,0.01379,0.00875,0.0,0.33643,0.0,0.155
0.033,1.0,g6_10,0.033,15.71429,11.78571,7.5,2.30769,13.6646,10.24845,6.52174,2.00669,0.00931,0.75373,0.01562,0.97255,0.025,1.15559,True,-0.00508,0.0308,0.02893,0.018,0.87667,0.93332,0.2,0.696,1.11392,0.02069,0.00875,0.0,0.33643,0.0,0.14
0.036,1.5,g6_10,0.024,11.42857,8.57143,5.45455,2.17949,9.93789,7.45342,4.74308,1.89521,0.00931,0.75373,0.01562,0.97255,0.025,1.15559,True,-0.00978,0.03215,0.02724,0.021,0.82548,0.97415,0.19,0.642,0.99336,0.01379,0.00875,0.0,0.33643,0.0,0.135
0.03,1.0,g6_10,0.03,14.28571,10.71429,6.81818,2.16346,12.42236,9.31677,5.92885,1.88127,0.00931,0.75373,0.01562,0.97255,0.025,1.15559,True,-0.00454,0.02811,0.02701,0.015,0.81836,0.85184,0.18,0.652,1.07232,0.01379,0.00874,0.0,0.33621,0.0,0.13
0.04,2.0,g6_10,0.02,9.52381,7.14286,4.54545,2.11538,8.28157,6.21118,3.95257,1.83946,0.00931,0.75373,0.01562,0.97255,0.025,1.15559,True,-0.01149,0.03331,0.0268,0.02121,0.81209,1.00943,0.17,0.634,0.84957,0.02069,0.00875,0.0,0.33643,0.0,0.16
0.045,2.5,g6_10,0.018,8.57143,6.42857,4.09091,2.0979,7.45342,5.59006,3.55731,1.82426,0.00931,0.75373,0.01562,0.97255,0.025,1.15559,True,-0.01177,0.03154,0.02597,0.02078,0.78703,0.95572,0.15,0.656,0.71959,0.08276,0.00875,0.0,0.33643,0.0,0.18
0.033,1.5,g6_10,0.022,10.47619,7.85714,5.0,2.05128,9.10973,6.8323,4.34783,1.78372,0.00931,0.75373,0.01562,0.97255,0.025,1.15559,True,-0.00929,0.0297,0.02552,0.018,0.77336,0.89992,0.17,0.634,0.94898,0.01379,0.0087,0.0,0.33472,0.0,0.125
0.036,2.0,g6_10,0.018,8.57143,6.42857,4.09091,1.96154,7.45342,5.59006,3.55731,1.70569,0.00931,0.75373,0.01562,0.97255,0.025,1.15559,True,-0.01034,0.03009,0.02443,0.01827,0.74031,0.91195,0.16,0.59,0.82713,0.02069,0.00868,0.0,0.33404,0.0,0.14
0.03,1.5,g6_10,0.02,9.52381,7.14286,4.54545,1.92308,8.28157,6.21118,3.95257,1.67224,0.00931,0.75373,0.01562,0.97255,0.025,1.15559,True,-0.00877,0.02702,0.02392,0.015,0.72494,0.81872,0.15,0.582,0.89659,0.0069,0.00864,0.0,0.33238,0.0,0.12
0.04,2.5,g6_10,0.016,7.61905,5.71429,3.63636,1.92308,6.62526,4.96894,3.16206,1.67224,0.00931,0.75373,0.01562,0.97255,0.025,1.15559,True,-0.01062,0.02836,0.02376,0.01768,0.71988,0.85949,0.12,0.634,0.63851,0.06897,0.00868,0.0,0.33404,0.0,0.155
0.045,3.0,g6_10,0.015,7.14286,5.35714,3.40909,1.92308,6.21118,4.65839,2.96443,1.67224,0.00931,0.75373,0.01562,0.97255,0.025,1.15559,True,-0.01089,0.025,0.0234,0.01587,0.70916,0.75766,0.11,0.656,0.4933,0.11724,0.00872,0.0,0.3355,0.0,0.165
0.025,1.0,g6_10,0.025,11.90476,8.92857,5.68182,1.92308,10.35197,7.76398,4.94071,1.67224,0.00931,0.75373,0.01562,0.97255,0.025,1.15559,True,-0.00389,0.02374,0.02299,0.01078,0.69671,0.71941,0.16,0.48,0.88266,0.01379,0.00863,0.0,0.3318,0.0,0.11
0.033,2.0,g6_10,0.0165,7.85714,5.89286,3.75,1.84615,6.8323,5.12422,3.26087,1.60535,0.00931,0.75373,0.01562,0.97255,0.025,1.15559,True,-0.00982,0.02779,0.02285,0.01604,0.69256,0.84211,0.14,0.562,0.78453,0.02069,0.00868,0.0,0.33404,0.0,0.125
0.036,2.5,g6_10,0.0144,6.85714,5.14286,3.27273,1.78322,5.96273,4.47205,2.84585,1.55062,0.00931,0.75373,0.01562,0.97255,0.025,1.15559,True,-0.00984,0.02615,0.02203,0.01535,0.66745,0.79239,0.11,0.59,0.59399,0.06897,0.00867,0.0,0.33329,0.0,0.14
0.025,1.5,g6_10,0.01667,7.93651,5.95238,3.78788,1.7094,6.90131,5.17598,3.29381,1.48644,0.00931,0.75373,0.01562,0.97255,0.025,1.15559,True,-0.00791,0.02282,0.02128,0.01,0.64482,0.69142,0.12,0.436,0.75304,0.01379,0.0086,0.0,0.33073,0.0,0.1
0.03,2.0,g6_10,0.015,7.14286,5.35714,3.40909,1.73077,6.21118,4.65839,2.96443,1.50502,0.00931,0.75373,0.01562,0.97255,0.025,1.15559,True,-0.00912,0.02549,0.02128,0.01394,0.64477,0.77255,0.13,0.496,0.71109,0.0069,0.00863,0.0,0.3318,0.0,0.12
0.04,3.0,g6_10,0.01333,6.34921,4.7619,3.0303,1.76282,5.52105,4.14079,2.63505,1.53289,0.00931,0.75373,0.01562,0.97255,0.025,1.15559,True,-0.00982,0.02215,0.02108,0.01323,0.6387,0.67129,0.1,0.634,0.44912,0.11724,0.00866,0.0,0.33316,0.0,0.14
0.033,2.5,g6_10,0.0132,6.28571,4.71429,3.0,1.67832,5.46584,4.09938,2.6087,1.45941,0.00931,0.75373,0.01562,0.97255,0.025,1.15559,True,-0.00976,0.02452,0.02042,0.01349,0.61876,0.74317,0.11,0.562,0.58039,0.06207,0.00863,0.0,0.3318,0.0,0.125
0.02,1.0,g6_10,0.02,9.52381,7.14286,4.54545,1.68269,8.28157,6.21118,3.95257,1.46321,0.00931,0.75373,0.01562,0.97255,0.025,1.15559,True,-0.00298,0.01937,0.01956,0.0076,0.59279,0.58698,0.12,0.39,0.65598,0.02069,0.00857,0.0,0.32969,0.0,0.1
0.036,3.0,g6_10,0.012,5.71429,4.28571,2.72727,1.63462,4.96894,3.72671,2.37154,1.4214,0.00931,0.75373,0.01562,0.97255,0.025,1.15559,True,-0.00924,0.0201,0.01921,0.01111,0.58214,0.60922,0.09,0.496,0.44538,0.10345,0.00863,0.0,0.3318,0.0,0.13
0.045,4.0,g6_10,0.01125,5.35714,4.01786,2.55682,1.64835,4.65839,3.49379,2.22332,1.43335,0.00931,0.75373,0.01562,0.97255,0.025,1.15559,True,-0.00958,0.0158,0.01908,0.00758,0.57826,0.47865,0.07,0.616,0.2574,0.25517,0.00875,-0.0,0.33644,0.0,0.15
0.03,2.5,g6_10,0.012,5.71429,4.28571,2.72727,1.57343,4.96894,3.72671,2.37154,1.3682,0.00931,0.75373,0.01562,0.97255,0.025,1.15559,True,-0.00976,0.02195,0.01886,0.01148,0.57138,0.66511,0.1,0.496,0.52803,0.05517,0.0086,0.0,0.33073,0.0,0.12
0.02,1.5,g6_10,0.01333,6.34921,4.7619,3.0303,1.49573,5.52105,4.14079,2.63505,1.30063,0.00931,0.75373,0.01562,0.97255,0.025,1.15559,True,-0.00636,0.01886,0.01838,0.00651,0.55705,0.57147,0.09,0.386,0.55898,0.01379,0.00849,0.0,0.32636,0.0,0.09
0.025,2.0,g6_10,0.0125,5.95238,4.46429,2.84091,1.53846,5.17598,3.88199,2.47036,1.33779,0.00931,0.75373,0.01562,0.97255,0.025,1.15559,True,-0.0079,0.02175,0.01776,0.00994,0.53817,0.65921,0.1,0.396,0.56146,0.0069,0.00857,0.0,0.32969,0.0,0.1
0.033,3.0,g6_10,0.011,5.2381,3.92857,2.5,1.53846,4.55487,3.41615,2.17391,1.33779,0.00931,0.75373,0.01562,0.97255,0.025,1.15559,True,-0.00847,0.01845,0.0177,0.00952,0.53642,0.55908,0.08,0.448,0.38991,0.09655,0.0086,0.0,0.33073,0.0,0.12
0.04,4.0,g6_10,0.01,4.7619,3.57143,2.27273,1.51099,4.14079,3.10559,1.97628,1.3139,0.00931,0.75373,0.01562,0.97255,0.025,1.15559,True,-0.00882,0.01376,0.01732,0.00587,0.52493,0.41696,0.06,0.586,0.2034,0.26207,0.00875,-0.0,0.33643,0.0,0.135
0.03,3.0,g6_10,0.01,4.7619,3.57143,2.27273,1.44231,4.14079,3.10559,1.97628,1.25418,0.00931,0.75373,0.01562,0.97255,0.025,1.15559,True,-0.0077,0.01676,0.01638,0.00794,0.49624,0.50783,0.07,0.408,0.36019,0.08966,0.0086,0.0,0.33073,0.0,0.12
0.025,2.5,g6_10,0.01,4.7619,3.57143,2.27273,1.3986,4.14079,3.10559,1.97628,1.21618,0.00931,0.75373,0.01562,0.97255,0.025,1.15559,True,-0.00911,0.01829,0.01601,0.00826,0.48511,0.55426,0.08,0.36,0.45765,0.04138,0.00852,0.0,0.32778,0.0,0.1
0.036,4.0,g6_10,0.009,4.28571,3.21429,2.04545,1.4011,3.72671,2.79503,1.77866,1.21835,0.00931,0.75373,0.01562,0.97255,0.025,1.15559,True,-0.00794,0.01225,0.01575,0.0048,0.47715,0.37131,0.05,0.416,0.14929,0.30345,0.00872,-0.0,0.33536,0.0,0.125
0.02,2.0,g6_10,0.01,4.7619,3.57143,2.27273,1.34615,4.14079,3.10559,1.97628,1.17057,0.00931,0.75373,0.01562,0.97255,0.025,1.15559,True,-0.00674,0.0179,0.01548,0.005,0.46899,0.54232,0.07,0.302,0.39744,0.02069,0.00852,0.0,0.32778,0.0,0.085
0.015,1.0,g6_10,0.015,7.14286,5.35714,3.40909,1.44231,6.21118,4.65839,2.96443,1.25418,0.00931,0.75373,0.01562,0.97255,0.025,1.15559,True,-0.00201,0.015,0.01505,0.00465,0.4561,0.45455,0.07,0.332,0.36019,0.24138,0.00852,0.0,0.32778,0.0,0.1
0.033,4.0,g6_10,0.00825,3.92857,2.94643,1.875,1.31868,3.41615,2.56211,1.63043,1.14668,0.00931,0.75373,0.01562,0.97255,0.025,1.15559,True,-0.00728,0.01113,0.01456,0.0039,0.44132,0.33714,0.05,0.396,0.14929,0.33793,0.00868,-0.0,0.33404,0.0,0.115
0.015,1.5,g6_10,0.01,4.7619,3.57143,2.27273,1.28205,4.14079,3.10559,1.97628,1.11483,0.00931,0.75373,0.01562,0.97255,0.025,1.15559,True,-0.00519,0.015,0.01392,0.00386,0.42181,0.45455,0.05,0.316,0.29198,0.21379,0.00852,0.0,0.32778,0.0,0.085
0.025,3.0,g6_10,0.00833,3.96825,2.97619,1.89394,1.28205,3.45066,2.58799,1.6469,1.11483,0.00931,0.75373,0.01562,0.97255,0.025,1.15559,True,-0.0066,0.0144,0.01365,0.00514,0.41353,0.43647,0.06,0.34,0.26247,0.08966,0.00852,0.0,0.32778,0.0,0.105
0.045,6.0,g6_10,0.0075,3.57143,2.67857,1.70455,1.28205,3.10559,2.32919,1.48221,1.11483,0.00931,0.75373,0.01562,0.97255,0.025,1.15559,True,-0.00593,0.00953,0.01361,0.00263,0.41254,0.28866,0.04,0.532,0.00827,0.41379,0.00868,-0.0,0.33404,0.0,0.15
0.03,4.0,g6_10,0.0075,3.57143,2.67857,1.70455,1.23626,3.10559,2.32919,1.48221,1.07501,0.00931,0.75373,0.01562,0.97255,0.025,1.15559,True,-0.00662,0.0103,0.01337,0.00301,0.40511,0.31204,0.04,0.376,0.08452,0.35172,0.00863,-0.0,0.3318,0.0,0.11
0.02,2.5,g6_10,0.008,3.80952,2.85714,1.81818,1.22378,3.31263,2.48447,1.58103,1.06415,0.00931,0.75373,0.01562,0.97255,0.025,1.15559,True,-0.0081,0.01512,0.0129,0.00456,0.39095,0.45808,0.06,0.278,0.30471,0.02069,0.00852,0.0,0.32778,0.0,0.085
0.04,6.0,g6_10,0.00667,3.1746,2.38095,1.51515,1.17521,2.76052,2.07039,1.31752,1.02192,0.00931,0.75373,0.01562,0.97255,0.025,1.15559,True,-0.00527,0.00852,0.01222,0.00173,0.37026,0.25812,0.03,0.39,0.0,0.42069,0.00865,-0.0,0.3327,0.0,0.135
0.015,2.0,g6_10,0.0075,3.57143,2.67857,1.70455,1.15385,3.10559,2.32919,1.48221,1.00334,0.00931,0.75373,0.01562,0.97255,0.025,1.15559,True,-0.00505,0.01435,0.01204,0.00236,0.365,0.43484,0.04,0.286,0.22628,0.24828,0.00852,0.0,0.32761,0.0,0.075
0.02,3.0,g6_10,0.00667,3.1746,2.38095,1.51515,1.12179,2.76052,2.07039,1.31752,0.97547,0.00931,0.75373,0.01562,0.97255,0.025,1.15559,True,-0.00553,0.01162,0.01137,0.00258,0.34444,0.35209,0.03,0.29,0.16134,0.08276,0.00848,0.0,0.32609,0.0,0.08
0.025,4.0,g6_10,0.00625,2.97619,2.23214,1.42045,1.0989,2.58799,1.94099,1.23518,0.95557,0.00931,0.75373,0.01562,0.97255,0.025,1.15559,True,-0.00569,0.0087,0.01128,0.00114,0.34193,0.26361,0.02,0.302,0.01637,0.3931,0.00858,-0.0,0.33006,0.0,0.095
0.036,6.0,g6_10,0.006,2.85714,2.14286,1.36364,1.08974,2.48447,1.86335,1.18577,0.9476,0.00931,0.75373,0.01562,0.97255,0.025,1.15559,True,-0.00475,0.00783,0.01111,0.0009,0.33657,0.23713,0.01,0.356,0.0,0.45517,0.00863,-0.0,0.3318,0.0,0.12
0.045,8.0,g6_10,0.00562,2.67857,2.00893,1.27841,1.04895,2.32919,1.74689,1.11166,0.91213,0.00931,0.75373,0.01562,0.97255,0.025,1.15559,True,-0.00765,0.00541,0.01051,-0.00283,0.31857,0.1638,0.0,0.422,0.0,0.49655,0.00852,-0.0,0.32778,0.0,0.15
0.015,2.5,g6_10,0.006,2.85714,2.14286,1.36364,1.04895,2.48447,1.86335,1.18577,0.91213,0.00931,0.75373,0.01562,0.97255,0.025,1.15559,True,-0.00608,0.01167,0.01027,0.00106,0.31134,0.35358,0.02,0.262,0.11494,0.24828,0.00848,0.0,0.32609,0.0,0.07
0.033,6.0,g6_10,0.0055,2.61905,1.96429,1.25,1.02564,2.27743,1.70807,1.08696,0.89186,0.00931,0.75373,0.01562,0.97255,0.025,1.15559,True,-0.00435,0.00731,0.01021,0.00021,0.30943,0.22139,0.01,0.316,0.0,0.45517,0.00863,-0.0,0.3318,0.0,0.11
0.04,8.0,g6_10,0.005,2.38095,1.78571,1.13636,0.96154,2.07039,1.5528,0.98814,0.83612,0.00931,0.75373,0.01562,0.97255,0.025,1.15559,True,-0.00699,0.00455,0.00949,-0.00369,0.28759,0.13798,0.0,0.352,0.0,0.51034,0.00852,-0.0,0.32778,0.0,0.13
0.03,6.0,g6_10,0.005,2.38095,1.78571,1.13636,0.96154,2.07039,1.5528,0.98814,0.83612,0.00931,0.75373,0.01562,0.97255,0.025,1.15559,True,-0.00402,0.00679,0.00944,-0.0007,0.28604,0.20565,0.0,0.296,0.0,0.47586,0.00863,-0.0,0.3318,0.0,0.105
0.02,4.0,g6_10,0.005,2.38095,1.78571,1.13636,0.96154,2.07039,1.5528,0.98814,0.83612,0.00931,0.75373,0.01562,0.97255,0.025,1.15559,True,-0.0052,0.0071,0.00915,-0.00047,0.27732,0.21517,0.0,0.272,0.0,0.46207,0.00852,-0.0,0.32778,0.0,0.08
0.015,3.0,g6_10,0.005,2.38095,1.78571,1.13636,0.96154,2.07039,1.5528,0.98814,0.83612,0.00931,0.75373,0.01562,0.97255,0.025,1.15559,True,-0.00387,0.00932,0.00885,-0.0,0.26821,0.28253,0.0,0.27,0.0,0.41379,0.00848,-0.0,0.32609,0.0,0.07
0.036,8.0,g6_10,0.0045,2.14286,1.60714,1.02273,0.89161,1.86335,1.39752,0.88933,0.77531,0.00931,0.75373,0.01562,0.97255,0.025,1.15559,True,-0.00602,0.0042,0.00858,-0.00412,0.26002,0.12736,0.0,0.32,0.0,0.55172,0.00848,-0.0,0.32609,0.0,0.12
0.025,6.0,g6_10,0.00417,1.98413,1.4881,0.94697,0.8547,1.72533,1.294,0.82345,0.74322,0.00931,0.75373,0.01562,0.97255,0.025,1.15559,True,-0.00415,0.00573,0.00802,-0.00233,0.24309,0.17377,0.0,0.246,0.0,0.54483,0.00852,-0.0,0.32778,0.0,0.09
0.033,8.0,g6_10,0.00413,1.96429,1.47321,0.9375,0.83916,1.70807,1.28106,0.81522,0.72971,0.00931,0.75373,0.01562,0.97255,0.025,1.15559,True,-0.0053,0.00394,0.0079,-0.00482,0.23953,0.1194,0.0,0.3,0.0,0.57241,0.00843,-0.0,0.32441,0.0,0.11
0.03,8.0,g6_10,0.00375,1.78571,1.33929,0.85227,0.78671,1.5528,1.1646,0.74111,0.6841,0.00931,0.75373,0.01562,0.97255,0.025,1.15559,True,-0.00457,0.00368,0.00722,-0.00472,0.21878,0.11144,0.0,0.282,0.0,0.6,0.00848,-0.0,0.32609,0.0,0.105
0.015,4.0,g6_10,0.00375,1.78571,1.33929,0.85227,0.82418,1.5528,1.1646,0.74111,0.71667,0.00931,0.75373,0.01562,0.97255,0.025,1.15559,True,-0.0039,0.00569,0.00711,-0.002,0.21554,0.17257,0.0,0.19,0.0,0.71724,0.00845,-0.0,0.32487,0.0,0.06
0.02,6.0,g6_10,0.00333,1.5873,1.19048,0.75758,0.74786,1.38026,1.0352,0.65876,0.65032,0.00931,0.75373,0.01562,0.97255,0.025,1.15559,True,-0.00369,0.00455,0.00642,-0.00369,0.19447,0.13797,0.0,0.176,0.0,0.6069,0.00842,-0.0,0.324,0.0,0.07
0.025,8.0,g6_10,0.00313,1.4881,1.11607,0.71023,0.6993,1.294,0.9705,0.61759,0.60809,0.00931,0.75373,0.01562,0.97255,0.025,1.15559,True,-0.00337,0.00324,0.00602,-0.00535,0.18232,0.09817,0.0,0.256,0.0,0.63448,0.00812,-0.0,0.31245,0.0,0.085
0.015,6.0,g6_10,0.0025,1.19048,0.89286,0.56818,0.64103,1.0352,0.7764,0.49407,0.55741,0.00931,0.75373,0.01562,0.97255,0.025,1.15559,True,-0.00249,0.00325,0.00492,-0.00445,0.14899,0.09838,0.0,0.116,0.0,0.77241,0.008,-0.0,0.30781,0.0,0.06
0.02,8.0,g6_10,0.0025,1.19048,0.89286,0.56818,0.61189,1.0352,0.7764,0.49407,0.53208,0.00931,0.75373,0.01562,0.97255,0.025,1.15559,True,-0.00283,0.00265,0.00491,-0.00568,0.14872,0.08035,0.0,0.166,0.0,0.66897,0.00791,-0.0,0.30424,0.0,0.07
0.015,8.0,g6_10,0.00187,0.89286,0.66964,0.42614,0.52448,0.7764,0.5823,0.37055,0.45607,0.00931,0.75373,0.01562,0.97255,0.025,1.15559,True,-0.00228,0.00181,0.00388,-0.00602,0.11753,0.05471,0.0,0.106,0.0,0.7931,0.00759,-0.0,0.2921,0.0,0.06
0.045,1.5,g8_12,0.03,14.28571,10.71429,6.81818,5.76923,12.42236,9.31677,5.92885,5.01672,0.00931,0.75373,0.01562,0.97255,0.025,1.15559,True,-0.01081,0.045,0.04811,0.03,1.45785,1.36364,0.3,0.728,1.26506,0.01379,0.01324,0.00502,0.50908,0.05,0.38
0.045,1.0,g8_12,0.045,21.42857,16.07143,10.22727,8.65385,18.63354,13.97516,8.89328,7.52508,0.00931,0.75373,0.01562,0.97255,0.025,1.15559,True,-0.00165,0.045,0.04549,0.03436,1.37856,1.36364,0.32,0.81,1.55961,0.02069,0.0136,0.00761,0.52292,0.08,0.4
0.04,1.5,g8_12,0.02667,12.69841,9.52381,6.06061,5.12821,11.0421,8.28157,5.27009,4.45931,0.00931,0.75373,0.01562,0.97255,0.025,1.15559,True,-0.00976,0.04,0.04269,0.02538,1.29364,1.21212,0.28,0.682,1.21563,0.01379,0.01238,0.00461,0.47613,0.05,0.335
0.04,1.0,g8_12,0.04,19.04762,14.28571,9.09091,7.69231,16.56315,12.42236,7.90514,6.68896,0.00931,0.75373,0.01562,0.97255,0.025,1.15559,True,-0.00146,0.04,0.04044,0.02954,1.22558,1.21212,0.3,0.79,1.49899,0.02069,0.01343,0.00666,0.5167,0.07,0.36
0.045,2.0,g8_12,0.0225,10.71429,8.03571,5.11364,4.32692,9.31677,6.98758,4.44664,3.76254,0.00931,0.75373,0.01562,0.97255,0.025,1.15559,True,-0.01339,0.04466,0.03854,0.03,1.16782,1.3534,0.25,0.666,0.97892,0.01379,0.01231,0.0034,0.47347,0.04,0.36
0.036,1.5,g8_12,0.024,11.42857,8.57143,5.45455,4.61538,9.93789,7.45342,4.74308,4.01338,0.00931,0.75373,0.01562,0.97255,0.025,1.15559,True,-0.00892,0.036,0.03842,0.0221,1.16428,1.09091,0.24,0.676,1.1381,0.02069,0.01203,0.00436,0.46253,0.05,0.305
0.036,1.0,g8_12,0.036,17.14286,12.85714,8.18182,6.92308,14.90683,11.18012,7.11462,6.02007,0.00931,0.75373,0.01562,0.97255,0.025,1.15559,True,-0.00132,0.036,0.0364,0.02565,1.10302,1.09091,0.27,0.782,1.42657,0.02069,0.01274,0.00575,0.49014,0.07,0.335
0.033,1.5,g8_12,0.022,10.47619,7.85714,5.0,4.23077,9.10973,6.8323,4.34783,3.67893,0.00931,0.75373,0.01562,0.97255,0.025,1.15559,True,-0.0081,0.033,0.03522,0.01941,1.06725,1.0,0.21,0.666,1.11392,0.02069,0.0117,0.00412,0.44991,0.05,0.28
0.04,2.0,g8_12,0.02,9.52381,7.14286,4.54545,3.84615,8.28157,6.21118,3.95257,3.34448,0.00931,0.75373,0.01562,0.97255,0.025,1.15559,True,-0.0119,0.0397,0.03426,0.025,1.03806,1.20303,0.22,0.634,0.93295,0.01379,0.01177,0.00306,0.45254,0.04,0.315
0.033,1.0,g8_12,0.033,15.71429,11.78571,7.5,6.34615,13.6646,10.24845,6.52174,5.51839,0.00931,0.75373,0.01562,0.97255,0.025,1.15559,True,-0.00121,0.033,0.03337,0.02265,1.0111,1.0,0.25,0.762,1.35958,0.02069,0.0123,0.00518,0.4729,0.06,0.32
0.03,1.5,g8_12,0.02,9.52381,7.14286,4.54545,3.84615,8.28157,6.21118,3.95257,3.34448,0.00931,0.75373,0.01562,0.97255,0.025,1.15559,True,-0.00724,0.03,0.03202,0.01667,0.97023,0.90909,0.18,0.628,1.0959,0.02069,0.01157,0.0036,0.44505,0.05,0.265
0.045,2.5,g8_12,0.018,8.57143,6.42857,4.09091,3.46154,7.45342,5.59006,3.55731,3.01003,0.00931,0.75373,0.01562,0.97255,0.025,1.15559,True,-0.01636,0.03545,0.03186,0.02572,0.96554,1.07415,0.18,0.656,0.75697,0.06207,0.01189,0.00155,0.45726,0.02,0.35
0.036,2.0,g8_12,0.018,8.57143,6.42857,4.09091,3.46154,7.45342,5.59006,3.55731,3.01003,0.00931,0.75373,0.01562,0.97255,0.025,1.15559,True,-0.01071,0.03573,0.03083,0.021,0.93425,1.08272,0.19,0.596,0.90336,0.01379,0.0115,0.00262,0.44232,0.03,0.29
0.03,1.0,g8_12,0.03,14.28571,10.71429,6.81818,5.76923,12.42236,9.31677,5.92885,5.01672,0.00931,0.75373,0.01562,0.97255,0.025,1.15559,True,-0.0011,0.03,0.03033,0.01965,0.91919,0.90909,0.21,0.696,1.25959,0.02069,0.01196,0.00461,0.45998,0.06,0.3
0.04,2.5,g8_12,0.016,7.61905,5.71429,3.63636,3.07692,6.62526,4.96894,3.16206,2.67559,0.00931,0.75373,0.01562,0.97255,0.025,1.15559,True,-0.01454,0.03151,0.02832,0.02189,0.85826,0.9548,0.16,0.634,0.71036,0.06207,0.01151,0.00132,0.44276,0.02,0.3
0.033,2.0,g8_12,0.0165,7.85714,5.89286,3.75,3.17308,6.8323,5.12422,3.26087,2.7592,0.00931,0.75373,0.01562,0.97255,0.025,1.15559,True,-0.01019,0.03275,0.0283,0.018,0.85744,0.9925,0.17,0.59,0.87103,0.01379,0.01134,0.00234,0.43608,0.03,0.27
0.025,1.5,g8_12,0.01667,7.93651,5.95238,3.78788,3.20513,6.90131,5.17598,3.29381,2.78707,0.00931,0.75373,0.01562,0.97255,0.025,1.15559,True,-0.00588,0.025,0.02668,0.0126,0.80852,0.75758,0.15,0.508,0.9004,0.01379,0.01108,0.00268,0.42634,0.04,0.23
0.045,3.0,g8_12,0.015,7.14286,5.35714,3.40909,2.88462,6.21118,4.65839,2.96443,2.50836,0.00931,0.75373,0.01562,0.97255,0.025,1.15559,True,-0.01155,0.02666,0.02667,0.01814,0.80809,0.80779,0.13,0.656,0.52807,0.13103,0.01144,0.00059,0.43987,0.01,0.345
0.03,2.0,g8_12,0.015,7.14286,5.35714,3.40909,2.88462,6.21118,4.65839,2.96443,2.50836,0.00931,0.75373,0.01562,0.97255,0.025,1.15559,True,-0.00928,0.02977,0.02586,0.015,0.78358,0.90227,0.15,0.55,0.84195,0.01379,0.01105,0.00207,0.42501,0.03,0.24
0.036,2.5,g8_12,0.0144,6.85714,5.14286,3.27273,2.76923,5.96273,4.47205,2.84585,2.40803,0.00931,0.75373,0.01562,0.97255,0.025,1.15559,True,-0.01309,0.02836,0.02549,0.01897,0.77244,0.85932,0.14,0.596,0.66786,0.06207,0.01122,0.00115,0.43166,0.02,0.285
0.025,1.0,g8_12,0.025,11.90476,8.92857,5.68182,4.80769,10.35197,7.76398,4.94071,4.1806,0.00931,0.75373,0.01562,0.97255,0.025,1.15559,True,-0.00091,0.025,0.02528,0.01465,0.76599,0.75758,0.18,0.55,1.05214,0.01379,0.01134,0.00393,0.43615,0.06,0.27
0.04,3.0,g8_12,0.01333,6.34921,4.7619,3.0303,2.5641,5.52105,4.14079,2.63505,2.22965,0.00931,0.75373,0.01562,0.97255,0.025,1.15559,True,-0.01031,0.02367,0.02377,0.01513,0.72019,0.71718,0.12,0.646,0.47296,0.13793,0.01105,0.00051,0.42508,0.01,0.295
0.033,2.5,g8_12,0.0132,6.28571,4.71429,3.0,2.53846,5.46584,4.09938,2.6087,2.20736,0.00931,0.75373,0.01562,0.97255,0.025,1.15559,True,-0.012,0.02599,0.02337,0.01664,0.70807,0.78771,0.13,0.596,0.64494,0.06207,0.01097,0.00103,0.42202,0.02,0.265
0.025,2.0,g8_12,0.0125,5.95238,4.46429,2.84091,2.40385,5.17598,3.88199,2.47036,2.0903,0.00931,0.75373,0.01562,0.97255,0.025,1.15559,True,-0.00776,0.02481,0.02161,0.01,0.65495,0.75189,0.12,0.406,0.7192,0.0069,0.01053,0.00166,0.40482,0.02,0.185
0.036,3.0,g8_12,0.012,5.71429,4.28571,2.72727,2.30769,4.96894,3.72671,2.37154,2.00669,0.00931,0.75373,0.01562,0.97255,0.025,1.15559,True,-0.00928,0.0213,0.02139,0.01277,0.64817,0.64546,0.11,0.57,0.44927,0.13103,0.01076,0.00042,0.41387,0.01,0.28
0.02,1.5,g8_12,0.01333,6.34921,4.7619,3.0303,2.5641,5.52105,4.14079,2.63505,2.22965,0.00931,0.75373,0.01562,0.97255,0.025,1.15559,True,-0.0047,0.02,0.02135,0.00902,0.64691,0.60606,0.11,0.386,0.66912,0.01379,0.01049,0.00206,0.40353,0.04,0.16
0.03,2.5,g8_12,0.012,5.71429,4.28571,2.72727,2.30769,4.96894,3.72671,2.37154,2.00669,0.00931,0.75373,0.01562,0.97255,0.025,1.15559,True,-0.01091,0.02363,0.02124,0.01439,0.6437,0.7161,0.12,0.568,0.58875,0.05517,0.01069,0.00086,0.41108,0.02,0.24
0.045,4.0,g8_12,0.01125,5.35714,4.01786,2.55682,2.16346,4.65839,3.49379,2.22332,1.88127,0.00931,0.75373,0.01562,0.97255,0.025,1.15559,True,-0.0119,0.01718,0.02056,0.00897,0.62294,0.52068,0.07,0.59,0.18294,0.33793,0.01101,0.0,0.42337,0.0,0.295
0.02,1.0,g8_12,0.02,9.52381,7.14286,4.54545,3.84615,8.28157,6.21118,3.95257,3.34448,0.00931,0.75373,0.01562,0.97255,0.025,1.15559,True,-0.00073,0.02,0.02022,0.00965,0.61279,0.60606,0.14,0.52,0.81773,0.02759,0.01091,0.00274,0.41967,0.05,0.225
0.033,3.0,g8_12,0.011,5.2381,3.92857,2.5,2.11538,4.55487,3.41615,2.17391,1.83946,0.00931,0.75373,0.01562,0.97255,0.025,1.15559,True,-0.00851,0.01953,0.01961,0.01095,0.59416,0.59167,0.1,0.526,0.41481,0.12414,0.01043,0.00031,0.40131,0.01,0.26
0.04,4.0,g8_12,0.01,4.7619,3.57143,2.27273,1.92308,4.14079,3.10559,1.97628,1.67224,0.00931,0.75373,0.01562,0.97255,0.025,1.15559,True,-0.01129,0.01527,0.0183,0.00706,0.55463,0.46283,0.07,0.586,0.12759,0.34483,0.01044,-0.0,0.40146,0.0,0.28
0.03,3.0,g8_12,0.01,4.7619,3.57143,2.27273,1.92308,4.14079,3.10559,1.97628,1.67224,0.00931,0.75373,0.01562,0.97255,0.025,1.15559,True,-0.00773,0.01784,0.01782,0.00907,0.54014,0.54062,0.09,0.426,0.36755,0.11034,0.01,0.00025,0.38457,0.01,0.235
0.025,2.5,g8_12,0.01,4.7619,3.57143,2.27273,1.92308,4.14079,3.10559,1.97628,1.67224,0.00931,0.75373,0.01562,0.97255,0.025,1.15559,True,-0.01013,0.01969,0.0177,0.00998,0.53641,0.59675,0.09,0.366,0.4943,0.02759,0.00991,0.00073,0.38112,0.01,0.18
0.02,2.0,g8_12,0.01,4.7619,3.57143,2.27273,1.92308,4.14079,3.10559,1.97628,1.67224,0.00931,0.75373,0.01562,0.97255,0.025,1.15559,True,-0.00625,0.01985,0.01729,0.00571,0.52396,0.60151,0.09,0.34,0.51359,0.02069,0.00966,0.00128,0.37135,0.02,0.14
0.036,4.0,g8_12,0.009,4.28571,3.21429,2.04545,1.73077,3.72671,2.79503,1.77866,1.50502,0.00931,0.75373,0.01562,0.97255,0.025,1.15559,True,-0.01048,0.01306,0.01647,0.00569,0.49917,0.39587,0.05,0.426,0.13646,0.35862,0.0101,-0.0,0.38853,0.0,0.265
0.015,1.5,g8_12,0.01,4.7619,3.57143,2.27273,1.92308,4.14079,3.10559,1.97628,1.67224,0.00931,0.75373,0.01562,0.97255,0.025,1.15559,True,-0.00353,0.015,0.01604,0.00436,0.48596,0.45455,0.06,0.316,0.36638,0.22069,0.00954,0.00029,0.36678,0.015,0.135
0.015,1.0,g8_12,0.015,7.14286,5.35714,3.40909,2.88462,6.21118,4.65839,2.96443,2.50836,0.00931,0.75373,0.01562,0.97255,0.025,1.15559,True,-0.00067,0.015,0.01517,0.00482,0.45959,0.45455,0.08,0.346,0.44587,0.22069,0.01018,0.00055,0.39152,0.02,0.195
0.033,4.0,g8_12,0.00825,3.92857,2.94643,1.875,1.58654,3.41615,2.56211,1.63043,1.3796,0.00931,0.75373,0.01562,0.97255,0.025,1.15559,True,-0.00988,0.01172,0.0151,0.00438,0.45757,0.35503,0.05,0.418,0.10654,0.37931,0.0099,-0.0,0.38081,0.0,0.245
0.025,3.0,g8_12,0.00833,3.96825,2.97619,1.89394,1.60256,3.45066,2.58799,1.6469,1.39353,0.00931,0.75373,0.01562,0.97255,0.025,1.15559,True,-0.00644,0.01512,0.01485,0.00605,0.45012,0.45812,0.07,0.366,0.29802,0.11034,0.00947,3e-05,0.36413,0.0,0.175
0.02,2.5,g8_12,0.008,3.80952,2.85714,1.81818,1.53846,3.31263,2.48447,1.58103,1.33779,0.00931,0.75373,0.01562,0.97255,0.025,1.15559,True,-0.0081,0.01575,0.01416,0.005,0.42913,0.4774,0.07,0.278,0.36019,0.01379,0.00921,0.00048,0.35416,0.01,0.12
0.045,6.0,g8_12,0.0075,3.57143,2.67857,1.70455,1.44231,3.10559,2.32919,1.48221,1.25418,0.00931,0.75373,0.01562,0.97255,0.025,1.15559,True,-0.00569,0.01056,0.01411,0.00324,0.42768,0.3201,0.04,0.532,0.0,0.42759,0.00979,-0.0,0.3766,0.0,0.26
0.03,4.0,g8_12,0.0075,3.57143,2.67857,1.70455,1.44231,3.10559,2.32919,1.48221,1.25418,0.00931,0.75373,0.01562,0.97255,0.025,1.15559,True,-0.00928,0.01065,0.01373,0.00301,0.41597,0.32275,0.04,0.38,0.06864,0.38621,0.00964,-0.0,0.37069,0.0,0.195
0.015,2.0,g8_12,0.0075,3.57143,2.67857,1.70455,1.44231,3.10559,2.32919,1.48221,1.25418,0.00931,0.75373,0.01562,0.97255,0.025,1.15559,True,-0.00473,0.01489,0.01297,0.00346,0.39297,0.45113,0.05,0.29,0.28925,0.25517,0.00881,0.00012,0.33892,0.01,0.12
0.04,6.0,g8_12,0.00667,3.1746,2.38095,1.51515,1.28205,2.76052,2.07039,1.31752,1.11483,0.00931,0.75373,0.01562,0.97255,0.025,1.15559,True,-0.00506,0.00939,0.01259,0.00192,0.38138,0.28454,0.03,0.43,0.0,0.43448,0.00932,-0.0,0.35865,0.0,0.24
0.02,3.0,g8_12,0.00667,3.1746,2.38095,1.51515,1.28205,2.76052,2.07039,1.31752,1.11483,0.00931,0.75373,0.01562,0.97255,0.025,1.15559,True,-0.00515,0.01243,0.0118,0.00302,0.35761,0.37671,0.04,0.29,0.17516,0.11034,0.00868,0.0,0.33375,0.0,0.12
0.025,4.0,g8_12,0.00625,2.97619,2.23214,1.42045,1.20192,2.58799,1.94099,1.23518,1.04515,0.00931,0.75373,0.01562,0.97255,0.025,1.15559,True,-0.00811,0.00888,0.01144,0.00097,0.34664,0.26896,0.02,0.33,0.01637,0.41379,0.00895,-0.0,0.34404,0.0,0.16
0.036,6.0,g8_12,0.006,2.85714,2.14286,1.36364,1.15385,2.48447,1.86335,1.18577,1.00334,0.00931,0.75373,0.01562,0.97255,0.025,1.15559,True,-0.00456,0.00845,0.01133,0.00063,0.34324,0.25608,0.02,0.382,0.0,0.45517,0.00874,-8e-05,0.33621,0.0,0.22
0.045,8.0,g8_12,0.00562,2.67857,2.00893,1.27841,1.08173,2.32919,1.74689,1.11166,0.94064,0.00931,0.75373,0.01562,0.97255,0.025,1.15559,True,-0.00623,0.00553,0.01077,-0.00239,0.32628,0.16765,0.0,0.422,0.0,0.55172,0.00883,-0.0,0.33966,0.0,0.275
0.015,2.5,g8_12,0.006,2.85714,2.14286,1.36364,1.15385,2.48447,1.86335,1.18577,1.00334,0.00931,0.75373,0.01562,0.97255,0.025,1.15559,True,-0.00608,0.01182,0.01062,0.00178,0.32185,0.35805,0.03,0.262,0.16514,0.24828,0.00856,0.0,0.32935,0.0,0.09
0.033,6.0,g8_12,0.0055,2.61905,1.96429,1.25,1.05769,2.27743,1.70807,1.08696,0.91973,0.00931,0.75373,0.01562,0.97255,0.025,1.15559,True,-0.00418,0.00775,0.01038,-0.00027,0.31464,0.23474,0.01,0.378,0.0,0.46897,0.00855,-0.00019,0.32896,0.0,0.2
0.04,8.0,g8_12,0.005,2.38095,1.78571,1.13636,0.96154,2.07039,1.5528,0.98814,0.83612,0.00931,0.75373,0.01562,0.97255,0.025,1.15559,True,-0.00554,0.00455,0.00961,-0.00277,0.29112,0.13798,0.0,0.386,0.0,0.57241,0.00851,-7e-05,0.32744,0.0,0.23
0.03,6.0,g8_12,0.005,2.38095,1.78571,1.13636,0.96154,2.07039,1.5528,0.98814,0.83612,0.00931,0.75373,0.01562,0.97255,0.025,1.15559,True,-0.0038,0.00704,0.00944,-0.00076,0.28604,0.2134,0.0,0.31,0.0,0.50345,0.00844,-0.00031,0.32474,0.0,0.175
0.02,4.0,g8_12,0.005,2.38095,1.78571,1.13636,0.96154,2.07039,1.5528,0.98814,0.83612,0.00931,0.75373,0.01562,0.97255,0.025,1.15559,True,-0.00659,0.0071,0.00915,-0.00047,0.27732,0.21517,0.0,0.266,0.0,0.47586,0.00847,-0.00016,0.32565,0.0,0.105
0.015,3.0,g8_12,0.005,2.38095,1.78571,1.13636,0.96154,2.07039,1.5528,0.98814,0.83612,0.00931,0.75373,0.01562,0.97255,0.025,1.15559,True,-0.00387,0.00932,0.00885,-0.0,0.26821,0.28253,0.0,0.27,0.0,0.4069,0.00842,-0.0,0.32366,0.0,0.07
0.036,8.0,g8_12,0.0045,2.14286,1.60714,1.02273,0.86538,1.86335,1.39752,0.88933,0.75251,0.00931,0.75373,0.01562,0.97255,0.025,1.15559,True,-0.00498,0.0041,0.00866,-0.00336,0.26254,0.12418,0.0,0.338,0.0,0.58621,0.00835,-0.00043,0.32127,0.0,0.215
0.033,8.0,g8_12,0.00413,1.96429,1.47321,0.9375,0.79327,1.70807,1.28106,0.81522,0.6898,0.00931,0.75373,0.01562,0.97255,0.025,1.15559,True,-0.00457,0.00376,0.00794,-0.0029,0.24066,0.11383,0.0,0.306,0.0,0.6,0.00793,-0.00043,0.30514,0.0,0.195
0.025,6.0,g8_12,0.00417,1.98413,1.4881,0.94697,0.80128,1.72533,1.294,0.82345,0.69677,0.00931,0.75373,0.01562,0.97255,0.025,1.15559,True,-0.0033,0.00587,0.00787,-0.00201,0.23837,0.17784,0.0,0.276,0.0,0.54483,0.00789,-0.00054,0.30346,0.0,0.15
0.03,8.0,g8_12,0.00375,1.78571,1.33929,0.85227,0.72115,1.5528,1.1646,0.74111,0.62709,0.00931,0.75373,0.01562,0.97255,0.025,1.15559,True,-0.00415,0.00346,0.00722,-0.00337,0.21878,0.10477,0.0,0.282,0.0,0.6069,0.00758,-0.00044,0.29164,0.0,0.18
0.015,4.0,g8_12,0.00375,1.78571,1.33929,0.85227,0.72115,1.5528,1.1646,0.74111,0.62709,0.00931,0.75373,0.01562,0.97255,0.025,1.15559,True,-0.00486,0.00533,0.00686,-0.0023,0.20799,0.16137,0.0,0.178,0.0,0.72414,0.00779,-0.00028,0.29944,0.0,0.05
0.02,6.0,g8_12,0.00333,1.5873,1.19048,0.75758,0.64103,1.38026,1.0352,0.65876,0.55741,0.00931,0.75373,0.01562,0.97255,0.025,1.15559,True,-0.00264,0.00469,0.00629,-0.00315,0.19069,0.14227,0.0,0.188,0.0,0.57241,0.0072,-0.00065,0.27707,0.0,0.11
0.025,8.0,g8_12,0.00313,1.4881,1.11607,0.71023,0.60096,1.294,0.9705,0.61759,0.52258,0.00931,0.75373,0.01562,0.97255,0.025,1.15559,True,-0.00344,0.00283,0.00602,-0.00447,0.18232,0.08587,0.0,0.25,0.0,0.63448,0.00682,-0.00054,0.2622,0.0,0.155
0.02,8.0,g8_12,0.0025,1.19048,0.89286,0.56818,0.48077,1.0352,0.7764,0.49407,0.41806,0.00931,0.75373,0.01562,0.97255,0.025,1.15559,True,-0.00251,0.00228,0.00481,-0.00571,0.14585,0.06899,0.0,0.13,0.0,0.66207,0.00599,-0.00073,0.23028,0.0,0.12
0.015,6.0,g8_12,0.0025,1.19048,0.89286,0.56818,0.48077,1.0352,0.7764,0.49407,0.41806,0.00931,0.75373,0.01562,0.97255,0.025,1.15559,True,-0.00155,0.00351,0.00472,-0.00457,0.14302,0.1064,0.0,0.126,0.0,0.73793,0.00612,-0.00049,0.23539,0.0,0.08
0.015,8.0,g8_12,0.00187,0.89286,0.66964,0.42614,0.36058,0.7764,0.5823,0.37055,0.31355,0.00931,0.75373,0.01562,0.97255,0.025,1.15559,True,-0.00182,0.00172,0.00361,-0.00607,0.10939,0.05199,0.0,0.106,0.0,0.77931,0.00526,-0.0008,0.20231,0.0,0.095
